{
  "exp1_control_seed42": {
    "group": "control",
    "seed": 42,
    "best_f1": 41.0604116640984,
    "best_em": 32.020833333333336
  },
  "exp1_control_seed13": {
    "group": "control",
    "seed": 13,
    "best_f1": 41.15540569579111,
    "best_em": 31.875
  },
  "exp1_control_seed7": {
    "group": "control",
    "seed": 7,
    "best_f1": 40.578591528685486,
    "best_em": 31.125
  },
  "exp1_treatment_seed42": {
    "group": "treatment",
    "seed": 42,
    "best_f1": 42.78349340594379,
    "best_em": 33.5625
  },
  "exp1_treatment_seed13": {
    "group": "treatment",
    "seed": 13,
    "best_f1": 41.021360500627765,
    "best_em": 32.395833333333336
  },
  "exp1_treatment_seed7": {
    "group": "treatment",
    "seed": 7,
    "best_f1": 41.64828400420937,
    "best_em": 32.479166666666664
  }
}